id,name,email,gender
1,Hazel Gettens,hgettens0@jugem.jp,Female
2,Melisent Nunnery,mnunnery1@businesswire.com,Female
3,Barbara Malcher,bmalcher2@google.cn,Female
4,Eduard Bitten,ebitten3@woothemes.com,Male
5,Juline Mulliner,jmulliner4@spiegel.de,Female
6,Corbie Doles,cdoles5@mediafire.com,Male
7,Pepito Veque,pveque6@umich.edu,Male
8,Darius Sitlington,dsitlington7@webs.com,Male
9,Hugues Grane,hgrane8@disqus.com,Male
10,Valentine Redshaw,vredshaw9@amazon.co.uk,Female
11,Lela Pilch,lpilcha@shop-pro.jp,Bigender
12,Augustine Blacktin,ablacktinb@earthlink.net,Female
13,Mari Pires,mpiresc@tripadvisor.com,Female
14,Devora Eaglen,deaglend@seesaa.net,Female
15,Karlan Peploe,kpeploee@paypal.com,Male
16,Tiffie Gehricke,tgehrickef@canalblog.com,Female
17,Isabella Le Cornu,ileg@aol.com,Female
18,Farlie Jesper,fjesperh@hostgator.com,Male
19,Lin Beverage,lbeveragei@sogou.com,Female
20,Karoline Deller,kdellerj@nationalgeographic.com,Female
21,Imelda Gymblett,igymblettk@samsung.com,Female
22,Jehu Morgans,jmorgansl@newyorker.com,Male
23,Maggee Meighan,mmeighanm@apple.com,Female
24,Brana MacLice,bmaclicen@bandcamp.com,Genderfluid
25,Sari Dace,sdaceo@jigsy.com,Female
26,Timothy Ellif,tellifp@reference.com,Male
27,Vanna De Meyer,vdeq@va.gov,Female
28,Dolly Riddler,driddlerr@eventbrite.com,Female
29,Rosemary Brame,rbrames@mapy.cz,Female
30,Fabien Parmby,fparmbyt@weibo.com,Male
31,Benito Placido,bplacidou@weibo.com,Male
32,Nadya Seamons,nseamonsv@salon.com,Female
33,Elane Huzzay,ehuzzayw@redcross.org,Female
34,Dollie Terne,dternex@cisco.com,Female
35,Zilvia Kulis,zkulisy@yolasite.com,Female
36,Joana Billyeald,jbillyealdz@behance.net,Female
37,Grantham Brimblecombe,gbrimblecombe10@google.com.hk,Male
38,Corine Attyeo,cattyeo11@msn.com,Female
39,Delbert Yellowlea,dyellowlea12@blogger.com,Male
40,Allene Prall,aprall13@jugem.jp,Female
41,Joannes Keble,jkeble14@nih.gov,Female
42,Lauree Mullin,lmullin15@amazonaws.com,Female
43,Cory Ould,could16@sogou.com,Male
44,Katlin McAviy,kmcaviy17@goo.ne.jp,Female
45,Casey Fri,cfri18@weather.com,Female
46,Emilee Ridgwell,eridgwell19@cafepress.com,Female
47,Keefe Oxenbury,koxenbury1a@mapquest.com,Male
48,Stanley Jarrelt,sjarrelt1b@chron.com,Male
49,Fanni Carlow,fcarlow1c@apple.com,Female
50,Nap Reymers,nreymers1d@rediff.com,Male
51,Rivalee Clarke-Williams,rclarkewilliams1e@ibm.com,Female
52,Danni Pesic,dpesic1f@ovh.net,Female
53,Jo Burgis,jburgis1g@redcross.org,Male
54,Deonne Randal,drandal1h@usda.gov,Female
55,Gloriana McDougall,gmcdougall1i@scribd.com,Female
56,Maegan Everal,meveral1j@ask.com,Female
57,Dirk Bampkin,dbampkin1k@clickbank.net,Agender
58,Ambrosio Bason,abason1l@prnewswire.com,Male
59,Benyamin Douty,bdouty1m@yellowbook.com,Male
60,Lizbeth Service,lservice1n@123-reg.co.uk,Female
61,Pierce Biaggiotti,pbiaggiotti1o@1688.com,Male
62,Libbi Madrell,lmadrell1p@marketwatch.com,Female
63,Nevsa Fenelow,nfenelow1q@foxnews.com,Female
64,Claiborn Staner,cstaner1r@mlb.com,Male
65,Nichols Salazar,nsalazar1s@sogou.com,Male
66,Ninon Van der Brugge,nvan1t@fc2.com,Female
67,Allis Du Pre,adu1u@jiathis.com,Female
68,Kori Menego,kmenego1v@cocolog-nifty.com,Female
69,Jeremie Brazier,jbrazier1w@buzzfeed.com,Male
70,Valene Baukham,vbaukham1x@typepad.com,Female
71,Flossie Falshaw,ffalshaw1y@sitemeter.com,Female
72,Dan Cicutto,dcicutto1z@vistaprint.com,Male
73,Edgardo Mountjoy,emountjoy20@cdc.gov,Male
74,Nico Janak,njanak21@twitter.com,Male
75,Jereme Sollom,jsollom22@smugmug.com,Male
76,Welby Harkin,wharkin23@phoca.cz,Male
77,Kirsteni Beake,kbeake24@nytimes.com,Female
78,Lissa Flather,lflather25@gizmodo.com,Female
79,Doti Allcock,dallcock26@linkedin.com,Polygender
80,Alric Perelli,aperelli27@vistaprint.com,Male
81,Selestina Batham,sbatham28@illinois.edu,Female
82,Godfrey MacClancey,gmacclancey29@github.com,Male
83,Ches Oakhill,coakhill2a@smugmug.com,Male
84,Dionne Holdforth,dholdforth2b@walmart.com,Female
85,Kacey Cursey,kcursey2c@sogou.com,Female
86,Ashia Woolmington,awoolmington2d@nps.gov,Female
87,Kirbie Bursell,kbursell2e@pen.io,Female
88,Fernande Odam,fodam2f@ftc.gov,Female
89,Carla Schenfisch,cschenfisch2g@creativecommons.org,Female
90,Stillman Rainy,srainy2h@cnbc.com,Male
91,Filmer Lowes,flowes2i@booking.com,Male
92,Alyssa Errington,aerrington2j@salon.com,Female
93,Katine Fiske,kfiske2k@un.org,Female
94,Roy Broinlich,rbroinlich2l@unblog.fr,Male
95,Faye Golborne,fgolborne2m@bandcamp.com,Female
96,Alexa Wysome,awysome2n@plala.or.jp,Genderfluid
97,Weston Blunt,wblunt2o@jimdo.com,Bigender
98,Hewet Szimoni,hszimoni2p@ustream.tv,Male
99,Gert Dupey,gdupey2q@acquirethisname.com,Female
100,Vonnie Christian,vchristian2r@mail.ru,Female
101,Forest Tully,ftully2s@cnbc.com,Male
102,Patty Diprose,pdiprose2t@shinystat.com,Male
103,Emelen Strangeways,estrangeways2u@nationalgeographic.com,Male
104,Sayer Samart,ssamart2v@hatena.ne.jp,Male
105,Kerrill Mashro,kmashro2w@lycos.com,Female
106,Lani Wesley,lwesley2x@woothemes.com,Female
107,Krista Lummis,klummis2y@nytimes.com,Female
108,Amalie Yesinin,ayesinin2z@i2i.jp,Female
109,Lucia Skechley,lskechley30@statcounter.com,Female
110,Betty O'Drought,bodrought31@ebay.co.uk,Female
111,Devlen Fritz,dfritz32@latimes.com,Agender
112,Cad Croydon,ccroydon33@buzzfeed.com,Male
113,Valle De Filippi,vde34@ibm.com,Male
114,Harmony Goodinge,hgoodinge35@hexun.com,Female
115,Manny Sive,msive36@hao123.com,Male
116,Bernardine D'Alesco,bdalesco37@shutterfly.com,Female
117,Shalne Tapley,stapley38@cbslocal.com,Female
118,Terrence Elliott,telliott39@intel.com,Male
119,Jermaine Binne,jbinne3a@nymag.com,Non-binary
120,Caritta Hune,chune3b@unblog.fr,Female
121,Maryjo Rourke,mrourke3c@networksolutions.com,Female
122,Elias Kubecka,ekubecka3d@huffingtonpost.com,Male
123,Bendix Pharo,bpharo3e@wp.com,Male
124,Celestyn Reville,creville3f@t-online.de,Female
125,Eugine Waldocke,ewaldocke3g@mediafire.com,Female
126,Iorgo Sorrie,isorrie3h@aboutads.info,Male
127,Cloris Bousquet,cbousquet3i@ebay.co.uk,Bigender
128,Joleen O' Byrne,jo3j@ovh.net,Female
129,Linus Botler,lbotler3k@imdb.com,Male
130,Kira Downgate,kdowngate3l@nature.com,Female
131,Nels Pleven,npleven3m@ucoz.ru,Male
132,Donavon Mannooch,dmannooch3n@aboutads.info,Male
133,Talbot Cracker,tcracker3o@xing.com,Male
134,Arlana Rochell,arochell3p@diigo.com,Female
135,Montague Fairlaw,mfairlaw3q@tiny.cc,Male
136,Demetri Lodo,dlodo3r@loc.gov,Male
137,Preston Witton,pwitton3s@ox.ac.uk,Male
138,Monte Lingfoot,mlingfoot3t@mapquest.com,Male
139,Bren Tyrone,btyrone3u@abc.net.au,Female
140,Shelley Schneidar,sschneidar3v@ucoz.ru,Male
141,Merrill Caddick,mcaddick3w@wired.com,Female
142,Denyse Iggulden,diggulden3x@discovery.com,Female
143,Davidde Gurg,dgurg3y@senate.gov,Male
144,Gradeigh Sare,gsare3z@unc.edu,Male
145,Gale Piesold,gpiesold40@digg.com,Female
146,Karyn Naseby,knaseby41@boston.com,Agender
147,Vasilis Rackam,vrackam42@phoca.cz,Male
148,Granville McCafferty,gmccafferty43@nih.gov,Male
149,Celine Garron,cgarron44@marriott.com,Female
150,Alejandrina Dillamore,adillamore45@hugedomains.com,Female
151,Hobard Amys,hamys46@army.mil,Male
152,Corrianne Tailour,ctailour47@1688.com,Female
153,Sabrina Swanson,sswanson48@ebay.com,Female
154,Shay Coller,scoller49@yahoo.co.jp,Female
155,Chloe Carnier,ccarnier4a@answers.com,Female
156,Alistair Weekley,aweekley4b@flavors.me,Male
157,Claiborne Mawford,cmawford4c@hao123.com,Male
158,Blisse Hemstead,bhemstead4d@icio.us,Female
159,Fiorenze Czadla,fczadla4e@ask.com,Female
160,Wake Pote,wpote4f@scribd.com,Male
161,Sasha Fishlee,sfishlee4g@hhs.gov,Male
162,Lucille Sinton,lsinton4h@xinhuanet.com,Female
163,Elisha Reboul,ereboul4i@mlb.com,Female
164,Irina Kellough,ikellough4j@nba.com,Female
165,Rutger Dwane,rdwane4k@merriam-webster.com,Agender
166,Giorgia Tetla,gtetla4l@360.cn,Polygender
167,Elliot Keysel,ekeysel4m@netvibes.com,Male
168,Clemens Hurdidge,churdidge4n@msu.edu,Male
169,Koo Rawson,krawson4o@yelp.com,Genderqueer
170,Gabi Harse,gharse4p@admin.ch,Male
171,Farleigh Bowfin,fbowfin4q@stanford.edu,Male
172,Addy Clougher,aclougher4r@wsj.com,Male
173,Ibbie Renison,irenison4s@gov.uk,Female
174,Faber Feeley,ffeeley4t@ebay.co.uk,Male
175,Gwenora Patrono,gpatrono4u@webmd.com,Female
176,Bernadene Herley,bherley4v@fotki.com,Female
177,Worthington Jeakins,wjeakins4w@skyrock.com,Male
178,Wynnie Noteyoung,wnoteyoung4x@amazon.com,Female
179,Cale Fellowes,cfellowes4y@hhs.gov,Male
180,Lucina Supple,lsupple4z@macromedia.com,Genderfluid
181,Hermon Lucock,hlucock50@mashable.com,Male
182,Brnaby Sollitt,bsollitt51@craigslist.org,Male
183,Matthias Barends,mbarends52@flavors.me,Male
184,Mendie O'Hagan,mohagan53@chicagotribune.com,Agender
185,Leta Yeskin,lyeskin54@feedburner.com,Female
186,Danni Alejandro,dalejandro55@tinyurl.com,Female
187,Elke Belsham,ebelsham56@aboutads.info,Bigender
188,Rosemaria Iacovozzo,riacovozzo57@paginegialle.it,Female
189,Marsh Rollett,mrollett58@nih.gov,Male
190,Noni Greenman,ngreenman59@goo.ne.jp,Female
191,Kile Abels,kabels5a@chicagotribune.com,Male
192,Candi Castiglioni,ccastiglioni5b@bloglines.com,Female
193,Gwennie Whawell,gwhawell5c@unc.edu,Female
194,Ford Risely,frisely5d@bloglines.com,Bigender
195,Laurens Guly,lguly5e@t.co,Male
196,West Adne,wadne5f@state.gov,Male
197,Kyla Shearn,kshearn5g@umn.edu,Female
198,Ingeborg Dransfield,idransfield5h@1688.com,Genderfluid
199,Alex Calvey,acalvey5i@usgs.gov,Male
200,Brady Gersam,bgersam5j@sakura.ne.jp,Male
201,Fredrick Farrants,ffarrants5k@virginia.edu,Male
202,Billy Kingett,bkingett5l@cdc.gov,Female
203,Demott Runge,drunge5m@aboutads.info,Male
204,Saul Ibell,sibell5n@blogspot.com,Male
205,Iago Belshaw,ibelshaw5o@de.vu,Male
206,Herbert Robken,hrobken5p@uiuc.edu,Male
207,Carling Vaar,cvaar5q@google.co.uk,Agender
208,Austine Gegg,agegg5r@sciencedaily.com,Female
209,Andra Harce,aharce5s@ycombinator.com,Female
210,Laraine Hollow,lhollow5t@china.com.cn,Female
211,Marysa Beeho,mbeeho5u@independent.co.uk,Female
212,Tulley Calloway,tcalloway5v@pen.io,Male
213,Lorene Fenlon,lfenlon5w@feedburner.com,Female
214,Ettie Triggel,etriggel5x@canalblog.com,Female
215,Trix Balassi,tbalassi5y@wikispaces.com,Female
216,Deborah Errigo,derrigo5z@fda.gov,Female
217,Nanci Bosley,nbosley60@nbcnews.com,Female
218,Tuesday Wytchard,twytchard61@columbia.edu,Female
219,Talbot Oakinfold,toakinfold62@altervista.org,Male
220,Urson Fenn,ufenn63@list-manage.com,Male
221,Noah Brooker,nbrooker64@europa.eu,Male
222,Ramsay Doorly,rdoorly65@google.cn,Male
223,Jess Zini,jzini66@zdnet.com,Female
224,Erwin Mateus,emateus67@time.com,Male
225,Winthrop Dudding,wdudding68@who.int,Genderqueer
226,Sarette Frankcomb,sfrankcomb69@google.com.hk,Female
227,Nickolas Piercy,npiercy6a@goo.ne.jp,Male
228,Boigie Waryk,bwaryk6b@homestead.com,Male
229,Wyn Cape,wcape6c@marriott.com,Male
230,Emiline Pinckstone,epinckstone6d@si.edu,Female
231,Allard Wyldish,awyldish6e@mayoclinic.com,Male
232,Annie Jeschner,ajeschner6f@examiner.com,Female
233,Scotti Cruise,scruise6g@bloomberg.com,Male
234,Jared Perch,jperch6h@wiley.com,Male
235,Ferdinanda Chatteris,fchatteris6i@amazon.co.uk,Female
236,Aubree Adamsky,aadamsky6j@spiegel.de,Female
237,Marmaduke Postians,mpostians6k@cbsnews.com,Polygender
238,Zsazsa Bramont,zbramont6l@webeden.co.uk,Female
239,Finn Adrienne,fadrienne6m@w3.org,Male
240,Giffard MacNulty,gmacnulty6n@ask.com,Male
241,Winifred Attree,wattree6o@gnu.org,Polygender
242,Alphonse Walduck,awalduck6p@zimbio.com,Male
243,Art Sharphouse,asharphouse6q@buzzfeed.com,Male
244,Harald Stirrup,hstirrup6r@wikia.com,Genderfluid
245,Simeon Tinton,stinton6s@nature.com,Male
246,Odell Dickens,odickens6t@hp.com,Male
247,Forester Colebrook,fcolebrook6u@list-manage.com,Male
248,Dirk Russo,drusso6v@vkontakte.ru,Male
249,Raeann Itscowicz,ritscowicz6w@upenn.edu,Female
250,Ursula Dozdill,udozdill6x@paypal.com,Female
251,Karly Freeborn,kfreeborn6y@deliciousdays.com,Female
252,Meir Tuxwell,mtuxwell6z@ebay.co.uk,Male
253,Isa Hammon,ihammon70@cbsnews.com,Male
254,Mark Rudman,mrudman71@hexun.com,Male
255,Gillan Orry,gorry72@prnewswire.com,Female
256,Goober Pedlow,gpedlow73@t.co,Male
257,Nick Edworthye,nedworthye74@jugem.jp,Male
258,Deck Ascraft,dascraft75@xing.com,Non-binary
259,Dal Grimsdike,dgrimsdike76@bandcamp.com,Male
260,Farleigh Quayle,fquayle77@odnoklassniki.ru,Male
261,Meggy Scholard,mscholard78@reddit.com,Female
262,Kali MacCurlye,kmaccurlye79@symantec.com,Female
263,Zita Stampfer,zstampfer7a@jiathis.com,Agender
264,Carolyn Brewer,cbrewer7b@nhs.uk,Female
265,Inness Toy,itoy7c@virginia.edu,Male
266,Harley Trayling,htrayling7d@state.tx.us,Female
267,Yanaton Bilfoot,ybilfoot7e@tuttocitta.it,Polygender
268,Courtnay Maddern,cmaddern7f@ox.ac.uk,Male
269,May Di Ruggiero,mdi7g@hao123.com,Non-binary
270,Thatch Dmitrichenko,tdmitrichenko7h@yale.edu,Non-binary
271,Dennison Cornewell,dcornewell7i@ebay.co.uk,Male
272,Hatty Beardsall,hbeardsall7j@deviantart.com,Female
273,Rockey McCreadie,rmccreadie7k@noaa.gov,Male
274,Jerri Eberlein,jeberlein7l@businessinsider.com,Male
275,Janna Morrice,jmorrice7m@a8.net,Female
276,Sari Habden,shabden7n@ning.com,Polygender
277,Tait Webster,twebster7o@is.gd,Male
278,Slade Warrier,swarrier7p@usnews.com,Male
279,Katherina Braiden,kbraiden7q@trellian.com,Female
280,Alvy Beveridge,abeveridge7r@mail.ru,Male
281,Waldon Welsby,wwelsby7s@mozilla.org,Male
282,Brook Hinze,bhinze7t@netscape.com,Bigender
283,Buckie Shadwick,bshadwick7u@instagram.com,Male
284,Deedee Annandale,dannandale7v@indiatimes.com,Female
285,El Sexty,esexty7w@mediafire.com,Male
286,Axe Henken,ahenken7x@omniture.com,Male
287,Carrie Salisbury,csalisbury7y@scribd.com,Female
288,Fletch O'Gorman,fogorman7z@ycombinator.com,Agender
289,Stefanie Gyford,sgyford80@angelfire.com,Female
290,Edvard Barrat,ebarrat81@shutterfly.com,Male
291,Donia Letham,dletham82@dot.gov,Female
292,Selestina Iorizzo,siorizzo83@tiny.cc,Female
293,Pauly Phizacklea,pphizacklea84@boston.com,Female
294,Charlton Fist,cfist85@thetimes.co.uk,Male
295,Skipton Graser,sgraser86@taobao.com,Male
296,Kattie Whitman,kwhitman87@zimbio.com,Female
297,Jo Kock,jkock88@miitbeian.gov.cn,Male
298,Sollie Leppo,sleppo89@furl.net,Male
299,Filmore Coney,fconey8a@shop-pro.jp,Male
300,Alysia Stockau,astockau8b@newyorker.com,Female
301,Mellie Kelby,mkelby8c@telegraph.co.uk,Female
302,Arman Norquay,anorquay8d@bbc.co.uk,Male
303,Hetty Ovens,hovens8e@google.de,Female
304,Talbert Goldster,tgoldster8f@techcrunch.com,Male
305,Allison Hulkes,ahulkes8g@theguardian.com,Agender
306,Gayelord Simmans,gsimmans8h@free.fr,Male
307,Cahra Barents,cbarents8i@mac.com,Female
308,Caitrin Jeandel,cjeandel8j@ifeng.com,Female
309,Finlay Sloyan,fsloyan8k@fastcompany.com,Male
310,Bert Everex,beverex8l@nbcnews.com,Male
311,Ruggiero Atterbury,ratterbury8m@odnoklassniki.ru,Male
312,Malory Narbett,mnarbett8n@dot.gov,Female
313,Wendy McRobbie,wmcrobbie8o@tmall.com,Female
314,Jacqui Teek,jteek8p@ca.gov,Female
315,Krispin Bleddon,kbleddon8q@altervista.org,Male
316,Carlie Arondel,carondel8r@freewebs.com,Female
317,Finn Snalom,fsnalom8s@themeforest.net,Male
318,Marina Rugge,mrugge8t@domainmarket.com,Female
319,Linn Duddle,lduddle8u@simplemachines.org,Female
320,Elmore Semken,esemken8v@shop-pro.jp,Male
321,Fabe Gerrens,fgerrens8w@jigsy.com,Bigender
322,Jenn Chatenet,jchatenet8x@posterous.com,Female
323,Elonore Gatheral,egatheral8y@tinypic.com,Female
324,Ursola Alstead,ualstead8z@tamu.edu,Female
325,Carlin Von Der Empten,cvon90@shop-pro.jp,Female
326,Uta Benasik,ubenasik91@soup.io,Female
327,Floria St Quenin,fst92@vkontakte.ru,Female
328,Sheelagh Osorio,sosorio93@paypal.com,Female
329,Eal Callcott,ecallcott94@miitbeian.gov.cn,Male
330,Sukey Clemits,sclemits95@bloomberg.com,Female
331,Dulcinea Geelan,dgeelan96@nps.gov,Female
332,Minor Dahmke,mdahmke97@home.pl,Male
333,Pavia Chatain,pchatain98@indiegogo.com,Female
334,Lewiss Guise,lguise99@ow.ly,Agender
335,Cully Brandsen,cbrandsen9a@barnesandnoble.com,Male
336,Northrup Jedraszek,njedraszek9b@wordpress.org,Male
337,Meyer Attwool,mattwool9c@sciencedirect.com,Male
338,Elane Haylett,ehaylett9d@eepurl.com,Female
339,Rolfe Lavigne,rlavigne9e@wsj.com,Male
340,Durante Benedicte,dbenedicte9f@webeden.co.uk,Genderfluid
341,Bastian McBryde,bmcbryde9g@archive.org,Male
342,Cherrita Perren,cperren9h@usgs.gov,Female
343,Hazlett Aris,haris9i@infoseek.co.jp,Male
344,Pamela Pentony,ppentony9j@digg.com,Female
345,Ardelia McCaig,amccaig9k@t.co,Bigender
346,Jasmina Harrild,jharrild9l@drupal.org,Bigender
347,Vincenty Diver,vdiver9m@google.co.uk,Male
348,Osborn Kester,okester9n@xing.com,Male
349,Neale Vickery,nvickery9o@ameblo.jp,Male
350,Pyotr Whitcombe,pwhitcombe9p@jiathis.com,Male
351,Thomasa Fishby,tfishby9q@ed.gov,Female
352,Pinchas Boulter,pboulter9r@mozilla.org,Male
353,Carolyne Jollye,cjollye9s@nydailynews.com,Female
354,Lorene Wyleman,lwyleman9t@smugmug.com,Female
355,Laura Heakey,lheakey9u@google.com.au,Female
356,Rheba Rampage,rrampage9v@foxnews.com,Genderfluid
357,Janot Cosley,jcosley9w@jalbum.net,Female
358,Erasmus Allner,eallner9x@mozilla.org,Male
359,Carroll Shelf,cshelf9y@jimdo.com,Male
360,Hersch Nattrass,hnattrass9z@wikia.com,Male
361,Deloria Tebbit,dtebbita0@mayoclinic.com,Female
362,Kynthia Riches,krichesa1@theguardian.com,Female
363,Ofilia Rengger,orenggera2@marriott.com,Female
364,Abrahan Johann,ajohanna3@state.tx.us,Male
365,Doralin Pettipher,dpettiphera4@wordpress.com,Genderqueer
366,Harmonie Winstanley,hwinstanleya5@ow.ly,Female
367,Curry McCready,cmccreadya6@goodreads.com,Male
368,Sallyann Titterrell,stitterrella7@bloglines.com,Female
369,Massimiliano Vile,mvilea8@hostgator.com,Male
370,Jeddy Erridge,jerridgea9@domainmarket.com,Male
371,Grady Hargraves,ghargravesaa@1und1.de,Male
372,Urbano Debold,udeboldab@miibeian.gov.cn,Male
373,Sibel Preble,sprebleac@studiopress.com,Female
374,Brok Beazley,bbeazleyad@seesaa.net,Male
375,Melamie Wolvey,mwolveyae@about.com,Female
376,Katy Brinkworth,kbrinkworthaf@nba.com,Female
377,Lane Dytham,ldythamag@mail.ru,Genderfluid
378,Mamie Vamplus,mvamplusah@youtube.com,Female
379,Griswold Purtell,gpurtellai@dropbox.com,Male
380,Lucita Milvarnie,lmilvarnieaj@purevolume.com,Female
381,Vivyan Lemonnier,vlemonnierak@devhub.com,Genderqueer
382,Mala Critchlow,mcritchlowal@wufoo.com,Female
383,Maryanna Eckery,meckeryam@discovery.com,Female
384,Osbourne Thompsett,othompsettan@dropbox.com,Male
385,Lynn Fewell,lfewellao@upenn.edu,Male
386,Tarrance Brockie,tbrockieap@ihg.com,Male
387,Giana Limpertz,glimpertzaq@liveinternet.ru,Agender
388,Almeda Lindstrom,alindstromar@illinois.edu,Female
389,Sofia Spillett,sspillettas@nytimes.com,Female
390,Ethe Measey,emeaseyat@nifty.com,Male
391,Stirling Quickenden,squickendenau@yahoo.com,Male
392,Ileana Venour,ivenourav@chronoengine.com,Female
393,Esmeralda Oloman,eolomanaw@tmall.com,Genderfluid
394,Cilka De Dei,cdeax@barnesandnoble.com,Female
395,Callean Stonuary,cstonuaryay@naver.com,Male
396,Burt Abram,babramaz@house.gov,Male
397,Gavra Copplestone,gcopplestoneb0@nature.com,Female
398,Arlie Ipgrave,aipgraveb1@pcworld.com,Female
399,Roosevelt Keunemann,rkeunemannb2@google.com,Male
400,Mommy Dorey,mdoreyb3@home.pl,Female
401,Derek Neubigin,dneubiginb4@nature.com,Male
402,Emelita Mcimmie,emcimmieb5@mtv.com,Genderqueer
403,Curran Townes,ctownesb6@google.pl,Male
404,Gaylene Livett,glivettb7@sphinn.com,Polygender
405,Aloisia Willowby,awillowbyb8@naver.com,Female
406,Indira Abatelli,iabatellib9@trellian.com,Female
407,Marilyn Sodor,msodorba@youtu.be,Female
408,Ricard Agget,raggetbb@typepad.com,Male
409,Babb Petrolli,bpetrollibc@huffingtonpost.com,Polygender
410,Ky Autry,kautrybd@ezinearticles.com,Male
411,Dion Hawket,dhawketbe@pinterest.com,Female
412,Brynn Toma,btomabf@miibeian.gov.cn,Agender
413,Agustin Lethardy,alethardybg@narod.ru,Male
414,Natale Tincknell,ntincknellbh@google.pl,Male
415,Melva Berthomier,mberthomierbi@aboutads.info,Female
416,Celesta Melin,cmelinbj@slideshare.net,Female
417,Kean Bruhnsen,kbruhnsenbk@bloglovin.com,Male
418,Dela Blanning,dblanningbl@shinystat.com,Female
419,Hector Haack,hhaackbm@studiopress.com,Male
420,Trudy O' Donohoe,tobn@stumbleupon.com,Female
421,Britteny Sissland,bsisslandbo@google.fr,Female
422,Isabelle Poytheras,ipoytherasbp@gnu.org,Female
423,Berrie Knapper,bknapperbq@intel.com,Female
424,Jeanette Iglesiaz,jiglesiazbr@squarespace.com,Female
425,Myrvyn Peeters,mpeetersbs@noaa.gov,Male
426,Shirleen Cicccitti,scicccittibt@wikia.com,Female
427,Kalindi Binny,kbinnybu@devhub.com,Female
428,Brigit Grute,bgrutebv@nih.gov,Female
429,Townsend Matterface,tmatterfacebw@ft.com,Male
430,Laney Shemelt,lshemeltbx@ebay.co.uk,Male
431,Kip Caulder,kcaulderby@fastcompany.com,Male
432,Orly Turnbull,oturnbullbz@soup.io,Female
433,Wyndham Pratley,wpratleyc0@4shared.com,Male
434,Samaria Gamon,sgamonc1@godaddy.com,Non-binary
435,Cherin Kees,ckeesc2@infoseek.co.jp,Female
436,Darcey Bruhke,dbruhkec3@linkedin.com,Female
437,Xymenes Ciani,xcianic4@symantec.com,Male
438,Rebeka Jameson,rjamesonc5@tinypic.com,Female
439,Lory Tale,ltalec6@craigslist.org,Female
440,Marti Stacey,mstaceyc7@parallels.com,Female
441,Huntlee Izakoff,hizakoffc8@sphinn.com,Male
442,Kristoforo Halgarth,khalgarthc9@businessweek.com,Male
443,Leonid Pechold,lpecholdca@nhs.uk,Male
444,Wright Keyse,wkeysecb@goo.ne.jp,Male
445,Roddy Jewes,rjewescc@sciencedaily.com,Male
446,Traci Potteril,tpotterilcd@digg.com,Female
447,Arluene Leeds,aleedsce@tuttocitta.it,Female
448,Monte Lorentzen,mlorentzencf@reuters.com,Male
449,Claudius Hebbes,chebbescg@youtube.com,Male
450,Karlotte Herion,kherionch@theguardian.com,Female
451,Drud Stanex,dstanexci@independent.co.uk,Male
452,Peterus Bertome,pbertomecj@deviantart.com,Male
453,Natty Frisdick,nfrisdickck@networksolutions.com,Female
454,Leonerd Windram,lwindramcl@skyrock.com,Male
455,Marcela Galbreth,mgalbrethcm@163.com,Female
456,Lissi Delaney,ldelaneycn@mashable.com,Genderfluid
457,Tommie Carnegy,tcarnegyco@google.com.br,Male
458,Ashia Riggert,ariggertcp@chron.com,Female
459,Kylie Monson,kmonsoncq@slate.com,Female
460,Neala Sleicht,nsleichtcr@amazon.co.jp,Female
461,Yuma Speechly,yspeechlycs@google.fr,Male
462,Trescha Reck,treckct@slideshare.net,Female
463,Alameda Matyushenko,amatyushenkocu@addthis.com,Female
464,Jamesy Mylan,jmylancv@dedecms.com,Male
465,Randall Mowsdill,rmowsdillcw@theglobeandmail.com,Male
466,Brennan Scamel,bscamelcx@seattletimes.com,Male
467,Abigail Cornock,acornockcy@amazonaws.com,Polygender
468,Ade Gilbanks,agilbankscz@tuttocitta.it,Male
469,Alvin Gammett,agammettd0@weather.com,Male
470,Ximenez Gumme,xgummed1@theatlantic.com,Non-binary
471,Feodora Cheyenne,fcheyenned2@ocn.ne.jp,Female
472,Weidar Aucutt,waucuttd3@4shared.com,Male
473,Wylma Davy,wdavyd4@printfriendly.com,Female
474,Padraic Krysiak,pkrysiakd5@smugmug.com,Male
475,Eddie Dukelow,edukelowd6@macromedia.com,Male
476,Cher Collet,ccolletd7@wordpress.org,Female
477,Marice Abramof,mabramofd8@usgs.gov,Bigender
478,Clary Kerwick,ckerwickd9@joomla.org,Female
479,Brock Alenov,balenovda@ebay.co.uk,Male
480,Niki Questier,nquestierdb@eepurl.com,Female
481,Carlos Bridgwood,cbridgwooddc@hibu.com,Male
482,Austina Chalker,achalkerdd@goo.gl,Female
483,Quintina Brotherton,qbrothertonde@soup.io,Non-binary
484,Skyler Wand,swanddf@sitemeter.com,Male
485,Mikol Altofts,maltoftsdg@drupal.org,Male
486,Hewet Whiteoak,hwhiteoakdh@webs.com,Male
487,Wilt Spincks,wspincksdi@businesswire.com,Male
488,Carce Hulse,chulsedj@nsw.gov.au,Agender
489,Kerry Matuszkiewicz,kmatuszkiewiczdk@freewebs.com,Female
490,Gardiner Ponter,gponterdl@typepad.com,Male
491,Jacquelynn Kohlerman,jkohlermandm@behance.net,Female
492,Vanna Caygill,vcaygilldn@washingtonpost.com,Female
493,Friedrich Beardsall,fbeardsalldo@cdbaby.com,Male
494,Andrei Lafayette,alafayettedp@symantec.com,Female
495,Fredek Dimic,fdimicdq@wix.com,Male
496,Lonnard Reilingen,lreilingendr@illinois.edu,Male
497,Thurstan Olyfat,tolyfatds@squidoo.com,Male
498,Saudra Hurrion,shurriondt@scribd.com,Female
499,Lamont Stoving,lstovingdu@mtv.com,Male
500,Gaby Fountain,gfountaindv@geocities.com,Male
501,Dilan Koubu,dkoubudw@engadget.com,Male
502,Letta Allward,lallwarddx@unc.edu,Female
503,Benn Jagger,bjaggerdy@elpais.com,Male
504,Willa Stubbley,wstubbleydz@sakura.ne.jp,Female
505,Ode Gotter,ogottere0@mapquest.com,Male
506,Shem Himsworth,shimsworthe1@example.com,Male
507,Angil Fried,afriede2@amazonaws.com,Female
508,Aubert Boole,aboolee3@marriott.com,Male
509,Valentine Ronald,vronalde4@1und1.de,Male
510,Luther O' Shea,loe5@wsj.com,Male
511,Jacquenetta Traher,jtrahere6@github.io,Agender
512,Kayla Kay,kkaye7@businessinsider.com,Female
513,Lenka Plitz,lplitze8@macromedia.com,Female
514,Tirrell Prinne,tprinnee9@bloomberg.com,Male
515,Cherin Molloy,cmolloyea@mysql.com,Female
516,Roddy Jerrans,rjerranseb@chron.com,Male
517,Jeri Somner,jsomnerec@bravesites.com,Female
518,Sinclare Pallasch,spallasched@bravesites.com,Male
519,Thornton Guillotin,tguillotinee@reddit.com,Male
520,Natasha Northfield,nnorthfieldef@wordpress.com,Female
521,Arleyne McKirton,amckirtoneg@yolasite.com,Female
522,Mandy Fridd,mfriddeh@surveymonkey.com,Female
523,Pearl Buzza,pbuzzaei@usa.gov,Female
524,Eduino Gadd,egaddej@netscape.com,Male
525,Maud Fudge,mfudgeek@ihg.com,Female
526,Padraic Diwell,pdiwellel@sfgate.com,Male
527,Shaughn Ellins,sellinsem@oracle.com,Male
528,Westbrook Brazel,wbrazelen@plala.or.jp,Male
529,North Garci,ngarcieo@va.gov,Male
530,Aubrey D'Aeth,adaethep@pinterest.com,Female
531,Hayley Pinkie,hpinkieeq@ning.com,Female
532,Sherri Dosedale,sdosedaleer@imgur.com,Female
533,Marthe Petrik,mpetrikes@nsw.gov.au,Female
534,Freeman Fladgate,ffladgateet@weibo.com,Male
535,Eadith Lorimer,elorimereu@unc.edu,Agender
536,Toddie Grane,tgraneev@guardian.co.uk,Male
537,Lesli Vaulkhard,lvaulkhardew@youtube.com,Female
538,Domingo Durbann,ddurbannex@myspace.com,Male
539,Aigneis Ancliffe,aancliffeey@4shared.com,Female
540,Devy Gwioneth,dgwionethez@plala.or.jp,Male
541,Brew Gude,bgudef0@gmpg.org,Male
542,Aldwin Daile,adailef1@sakura.ne.jp,Male
543,Maurine Wickmann,mwickmannf2@ovh.net,Female
544,Xever Janning,xjanningf3@house.gov,Male
545,Quentin Buard,qbuardf4@weather.com,Male
546,Cynthea Wilne,cwilnef5@gnu.org,Female
547,Mikaela Antonutti,mantonuttif6@friendfeed.com,Female
548,Hobard Jerdein,hjerdeinf7@usnews.com,Male
549,Melamie Bowle,mbowlef8@cnn.com,Female
550,Suzanna Prevost,sprevostf9@goo.gl,Female
551,Linus Vandenhoff,lvandenhofffa@ibm.com,Male
552,Fremont Cookman,fcookmanfb@naver.com,Male
553,Dora Wilgar,dwilgarfc@nature.com,Female
554,Corey Wooder,cwooderfd@blogspot.com,Female
555,Rivy Siseland,rsiselandfe@cnet.com,Female
556,Ellene Treneer,etreneerff@furl.net,Female
557,Myrtle Strowan,mstrowanfg@webnode.com,Non-binary
558,Arel Gerant,agerantfh@google.es,Male
559,Hamish Strafen,hstrafenfi@tinyurl.com,Male
560,Cristian Jerger,cjergerfj@walmart.com,Bigender
561,Otto Munt,omuntfk@yolasite.com,Male
562,Aundrea Woodhams,awoodhamsfl@networkadvertising.org,Female
563,Adiana Macbane,amacbanefm@imdb.com,Female
564,Ludovico Gatley,lgatleyfn@creativecommons.org,Male
565,Clemens Turnor,cturnorfo@marriott.com,Male
566,Eleanor Friar,efriarfp@gov.uk,Female
567,Ellary Jeannesson,ejeannessonfq@soundcloud.com,Male
568,Georg Campey,gcampeyfr@addtoany.com,Male
569,Benny Chatainier,bchatainierfs@pagesperso-orange.fr,Female
570,Aleen Denholm,adenholmft@tinyurl.com,Female
571,Constantino Niven,cnivenfu@godaddy.com,Genderfluid
572,Miguel Senn,msennfv@shop-pro.jp,Male
573,Phillip Yockney,pyockneyfw@mapquest.com,Male
574,Euphemia Collin,ecollinfx@is.gd,Female
575,Chrissy Mayworth,cmayworthfy@harvard.edu,Female
576,Brana Rushe,brushefz@amazon.com,Female
577,Noll Elam,nelamg0@upenn.edu,Male
578,Kirstin Botger,kbotgerg1@who.int,Female
579,Deonne Dugan,ddugang2@home.pl,Female
580,Ruthie Wildey,rwildeyg3@google.com.br,Female
581,Jojo Ney,jneyg4@state.gov,Female
582,Tulley Poure,tpoureg5@zimbio.com,Male
583,Steffi Sweetmore,ssweetmoreg6@themeforest.net,Female
584,Ynes Hachette,yhachetteg7@cnet.com,Female
585,Josepha Treswell,jtreswellg8@flavors.me,Female
586,Meta Nunnery,mnunneryg9@rambler.ru,Female
587,Tillie Knevett,tknevettga@google.co.jp,Female
588,Karel Devericks,kdevericksgb@cornell.edu,Male
589,Lynn Kennford,lkennfordgc@meetup.com,Male
590,Hermie Challicum,hchallicumgd@yolasite.com,Male
591,Arte Dmitrichenko,admitrichenkoge@domainmarket.com,Male
592,Beverley Olivey,boliveygf@bigcartel.com,Female
593,Carver Grayling,cgraylinggg@artisteer.com,Male
594,Ertha Pretley,epretleygh@tinyurl.com,Female
595,Paton Pendrick,ppendrickgi@issuu.com,Male
596,Bald Brunel,bbrunelgj@friendfeed.com,Male
597,Mathian Garm,mgarmgk@surveymonkey.com,Male
598,Terrill Yearron,tyearrongl@yale.edu,Male
599,Muhammad Heminsley,mheminsleygm@webeden.co.uk,Male
600,Jonathan Dansken,jdanskengn@miibeian.gov.cn,Male
601,Gerianna Upex,gupexgo@about.com,Female
602,Reginauld Skehens,rskehensgp@over-blog.com,Male
603,Iormina Maude,imaudegq@rediff.com,Female
604,Dominica Philbrick,dphilbrickgr@earthlink.net,Female
605,Daphna Gislebert,dgislebertgs@springer.com,Female
606,Georges Wrefford,gwreffordgt@illinois.edu,Male
607,Seka Tearney,stearneygu@soup.io,Female
608,Felisha Willshear,fwillsheargv@feedburner.com,Female
609,Wolfy Hargreves,whargrevesgw@cocolog-nifty.com,Male
610,Guss Louis,glouisgx@freewebs.com,Male
611,Kristian Keeler,kkeelergy@ucoz.com,Male
612,Kylie Bolliver,kbollivergz@bloglines.com,Female
613,Stuart Carr,scarrh0@buzzfeed.com,Male
614,Boycey Bawles,bbawlesh1@unc.edu,Male
615,Corine Proppers,cproppersh2@amazonaws.com,Female
616,Obadias Tenney,otenneyh3@yahoo.co.jp,Male
617,Nat Hovell,nhovellh4@theatlantic.com,Male
618,Michaelina Cromb,mcrombh5@sakura.ne.jp,Female
619,Patric Carmo,pcarmoh6@mysql.com,Male
620,Paddie Wellman,pwellmanh7@weather.com,Male
621,Lani Spain,lspainh8@sitemeter.com,Female
622,Inesita Ledger,iledgerh9@topsy.com,Female
623,Sampson Pencott,spencottha@twitpic.com,Male
624,Winthrop MacSharry,wmacsharryhb@sciencedaily.com,Male
625,Birch Kilban,bkilbanhc@biblegateway.com,Male
626,Geoffry Bothams,gbothamshd@miitbeian.gov.cn,Male
627,Eulalie Ellesmere,eellesmerehe@comcast.net,Female
628,Dolph Chaize,dchaizehf@chron.com,Male
629,Roseann Whitcombe,rwhitcombehg@examiner.com,Genderfluid
630,Norby Delnevo,ndelnevohh@altervista.org,Male
631,Syd Iacovolo,siacovolohi@jalbum.net,Male
632,Aubrette Garm,agarmhj@opera.com,Female
633,Lorrie Brende,lbrendehk@zdnet.com,Female
634,Baxy Harbottle,bharbottlehl@hc360.com,Male
635,Kile Tern,kternhm@gov.uk,Male
636,Gerhardine Gherardini,ggherardinihn@patch.com,Female
637,Roarke Copes,rcopesho@smugmug.com,Male
638,Christabel Guiso,cguisohp@booking.com,Female
639,Dud Farnell,dfarnellhq@deliciousdays.com,Male
640,Stanwood Avrasin,savrasinhr@ezinearticles.com,Male
641,Barbaraanne Gosalvez,bgosalvezhs@cnn.com,Female
642,Sheilakathryn Joscelyn,sjoscelynht@digg.com,Female
643,Pierson Jorio,pjoriohu@csmonitor.com,Male
644,Alden McPartlin,amcpartlinhv@oaic.gov.au,Male
645,Frannie Faragher,ffaragherhw@imgur.com,Male
646,Fionnula Fiveash,ffiveashhx@timesonline.co.uk,Female
647,Phebe Drinkhill,pdrinkhillhy@issuu.com,Female
648,Mara Jeanet,mjeanethz@engadget.com,Female
649,Rubi Willgrass,rwillgrassi0@salon.com,Female
650,Orbadiah Ovitz,oovitzi1@craigslist.org,Male
651,Bea Rown,browni2@rediff.com,Female
652,Gery Tyreman,gtyremani3@canalblog.com,Male
653,Talbot Isacke,tisackei4@blogspot.com,Male
654,Terrell Coopey,tcoopeyi5@hostgator.com,Male
655,Sigismondo Urian,suriani6@cocolog-nifty.com,Bigender
656,Dorie Sandeman,dsandemani7@mtv.com,Female
657,Jorge Davinet,jdavineti8@shinystat.com,Male
658,Myrta Skipp,mskippi9@issuu.com,Female
659,Dorothee Curness,dcurnessia@nytimes.com,Female
660,Domini Caban,dcabanib@netvibes.com,Female
661,Devina Tuffey,dtuffeyic@auda.org.au,Female
662,Daile Hayden,dhaydenid@businessweek.com,Female
663,Peirce Ruit,pruitie@ustream.tv,Male
664,Claudian Delwater,cdelwaterif@lycos.com,Male
665,Constancy Oppie,coppieig@noaa.gov,Female
666,Ofelia Fenn,ofennih@weebly.com,Female
667,Hettie Harryman,hharrymanii@theglobeandmail.com,Female
668,Prue Bence,pbenceij@google.nl,Female
669,Zelda O'Scollain,zoscollainik@answers.com,Female
670,Reinaldos Birtwistle,rbirtwistleil@usatoday.com,Male
671,Olva Hinners,ohinnersim@vinaora.com,Female
672,Candis Furmagier,cfurmagierin@examiner.com,Female
673,Jewelle Normandale,jnormandaleio@howstuffworks.com,Non-binary
674,Justen Tatlock,jtatlockip@twitter.com,Male
675,Chloris Karolyi,ckarolyiiq@newyorker.com,Female
676,Brantley Keemar,bkeemarir@virginia.edu,Male
677,Teodoor Farquar,tfarquaris@intel.com,Bigender
678,Nickola Petkovic,npetkovicit@google.it,Male
679,Arnie Rockingham,arockinghamiu@1688.com,Male
680,Sanson Goosey,sgooseyiv@wordpress.org,Male
681,Alfy Baiyle,abaiyleiw@unicef.org,Female
682,Reagen Puckham,rpuckhamix@typepad.com,Male
683,Dav Pollitt,dpollittiy@va.gov,Genderqueer
684,Dillon Teligin,dteliginiz@surveymonkey.com,Male
685,Ted Pracy,tpracyj0@unicef.org,Female
686,Robin Mayall,rmayallj1@biblegateway.com,Male
687,Noreen Clawley,nclawleyj2@liveinternet.ru,Non-binary
688,Keary Corbally,kcorballyj3@discovery.com,Male
689,Barbabra Irdale,birdalej4@pcworld.com,Female
690,Darren Colman,dcolmanj5@example.com,Male
691,Orly Lensch,olenschj6@i2i.jp,Female
692,Chelsie Coupar,ccouparj7@craigslist.org,Female
693,Justinian Woodfin,jwoodfinj8@bravesites.com,Male
694,Weidar Mobberley,wmobberleyj9@sciencedirect.com,Male
695,Almeda Emberton,aembertonja@privacy.gov.au,Female
696,Dru Vanyard,dvanyardjb@nba.com,Female
697,Oliver Popov,opopovjc@businessinsider.com,Male
698,Randal Gommey,rgommeyjd@huffingtonpost.com,Male
699,Albert Pesticcio,apesticcioje@narod.ru,Male
700,Kurtis Rulten,krultenjf@hexun.com,Male
701,Kalli Grono,kgronojg@drupal.org,Polygender
702,Viva Manueau,vmanueaujh@walmart.com,Female
703,Olin Lenham,olenhamji@mediafire.com,Male
704,Ludovico Aplin,laplinjj@163.com,Male
705,Verla Lambotin,vlambotinjk@sfgate.com,Female
706,Veronike Jurek,vjurekjl@moonfruit.com,Female
707,Gabie Gallamore,ggallamorejm@spotify.com,Female
708,Florida Morphey,fmorpheyjn@moonfruit.com,Female
709,Godfrey Bond,gbondjo@usnews.com,Male
710,Cassie Knottley,cknottleyjp@sun.com,Genderfluid
711,Caty Symms,csymmsjq@slashdot.org,Female
712,Rolph Ditty,rdittyjr@princeton.edu,Male
713,Del Grinley,dgrinleyjs@upenn.edu,Male
714,Joly Zupo,jzupojt@fastcompany.com,Female
715,Alvira Redon,aredonju@networkadvertising.org,Female
716,Glenn Vankov,gvankovjv@bbb.org,Male
717,Vittorio Rogeron,vrogeronjw@ihg.com,Male
718,Egan Cornwall,ecornwalljx@bbc.co.uk,Male
719,Elia Greschke,egreschkejy@cornell.edu,Genderqueer
720,Iona Iannelli,iiannellijz@apache.org,Female
721,Yelena Cicero,ycicerok0@sbwire.com,Female
722,Bondie Worboys,bworboysk1@altervista.org,Male
723,Quent True,qtruek2@free.fr,Male
724,Chaim Nolte,cnoltek3@mayoclinic.com,Male
725,Donall Gianilli,dgianillik4@canalblog.com,Male
726,Loydie Monahan,lmonahank5@thetimes.co.uk,Male
727,Orlan Alty,oaltyk6@google.com.hk,Male
728,Brody Kleinplac,bkleinplack7@newyorker.com,Agender
729,Lay Bevan,lbevank8@opensource.org,Male
730,Hammad Baggot,hbaggotk9@topsy.com,Male
731,Leeanne Chestnut,lchestnutka@washingtonpost.com,Female
732,Lani Plum,lplumkb@reddit.com,Female
733,Kimmie Manwaring,kmanwaringkc@dedecms.com,Female
734,Orsa Filip,ofilipkd@histats.com,Female
735,Saundra Plumm,splummke@i2i.jp,Male
736,Cher Kurten,ckurtenkf@miibeian.gov.cn,Female
737,Horatius Griggs,hgriggskg@wikimedia.org,Male
738,Robinet Dicey,rdiceykh@about.com,Female
739,Tomaso Westmorland,twestmorlandki@pagesperso-orange.fr,Male
740,Dion Wedgwood,dwedgwoodkj@paginegialle.it,Male
741,Eduino Littefair,elittefairkk@comsenz.com,Male
742,Jacquenette Abramsky,jabramskykl@prnewswire.com,Female
743,Cassandry Leys,cleyskm@hhs.gov,Female
744,Hortensia Cutress,hcutresskn@irs.gov,Female
745,Davina Pittam,dpittamko@japanpost.jp,Female
746,Bettina Mersey,bmerseykp@youtube.com,Female
747,Miguela Huckster,mhucksterkq@facebook.com,Female
748,Gilbertina Sammes,gsammeskr@canalblog.com,Female
749,Uriah Castellanos,ucastellanosks@nasa.gov,Male
750,Matthiew Ranyard,mranyardkt@odnoklassniki.ru,Male
751,Arlena Innman,ainnmanku@go.com,Female
752,Anica Ridewood,aridewoodkv@furl.net,Female
753,Kora Denniston,kdennistonkw@t-online.de,Bigender
754,Cathrin McLauchlin,cmclauchlinkx@indiegogo.com,Female
755,Raddy Doding,rdodingky@live.com,Bigender
756,Keven Bhar,kbharkz@bravesites.com,Genderfluid
757,Christean Kynoch,ckynochl0@de.vu,Female
758,Wells Danahar,wdanaharl1@flickr.com,Male
759,Margarita Shay,mshayl2@rambler.ru,Female
760,Dorothea Hillyatt,dhillyattl3@wikispaces.com,Female
761,Christian Broscombe,cbroscombel4@cornell.edu,Male
762,Correy Sherwood,csherwoodl5@umich.edu,Agender
763,Orelle Farres,ofarresl6@paginegialle.it,Female
764,Constantia Jakeman,cjakemanl7@comsenz.com,Female
765,Zola Sreenan,zsreenanl8@webs.com,Female
766,Tulley Kimbell,tkimbelll9@wsj.com,Male
767,Frasco Scruton,fscrutonla@google.com,Male
768,Tiena Hawthorn,thawthornlb@netvibes.com,Polygender
769,Lyman Hamon,lhamonlc@goo.gl,Polygender
770,Tris Storie,tstorield@printfriendly.com,Male
771,Kenny Cannavan,kcannavanle@themeforest.net,Male
772,Vikky Foystone,vfoystonelf@opera.com,Female
773,Kanya Linner,klinnerlg@multiply.com,Female
774,Vassili Jorez,vjorezlh@istockphoto.com,Male
775,Devon Gendrich,dgendrichli@goo.ne.jp,Female
776,Elset Bransby,ebransbylj@abc.net.au,Female
777,Grady Breslau,gbreslaulk@columbia.edu,Male
778,Susi Wiggins,swigginsll@ebay.co.uk,Female
779,Adelbert Brothwood,abrothwoodlm@sfgate.com,Male
780,Olly Rops,oropsln@blogs.com,Female
781,Ferguson Wilks,fwilkslo@studiopress.com,Male
782,Si Overshott,sovershottlp@cbc.ca,Male
783,Sidnee Thexton,sthextonlq@ustream.tv,Male
784,Rutherford Tieman,rtiemanlr@oakley.com,Male
785,Nicolea Alenichicov,nalenichicovls@cnbc.com,Female
786,Neddie Gobell,ngobelllt@unc.edu,Non-binary
787,Jess Culshaw,jculshawlu@indiegogo.com,Male
788,Marty Kyles,mkyleslv@liveinternet.ru,Male
789,Guinevere Pidgeley,gpidgeleylw@mashable.com,Female
790,Cortie Colbeck,ccolbecklx@parallels.com,Male
791,Barry Huffy,bhuffyly@ucsd.edu,Female
792,Sammy Morrilly,smorrillylz@berkeley.edu,Female
793,Carolan Chantrell,cchantrellm0@statcounter.com,Female
794,Patton Garvie,pgarviem1@guardian.co.uk,Male
795,Devin Hebbron,dhebbronm2@answers.com,Male
796,Lynnett Cancott,lcancottm3@admin.ch,Female
797,Charmain Slocumb,cslocumbm4@army.mil,Female
798,Dulsea Brandacci,dbrandaccim5@51.la,Female
799,Marissa Casaletto,mcasalettom6@amazon.co.jp,Female
800,Conrade Pitchford,cpitchfordm7@ow.ly,Male
801,Dru Endon,dendonm8@bizjournals.com,Male
802,Lora Vile,lvilem9@issuu.com,Female
803,Fannie Cousens,fcousensma@squarespace.com,Female
804,Ferdinande Cawthorn,fcawthornmb@dyndns.org,Female
805,Reiko Jessup,rjessupmc@squidoo.com,Female
806,Berkie Alexsandrev,balexsandrevmd@addthis.com,Male
807,Riordan Whylie,rwhylieme@mayoclinic.com,Male
808,Selma Inglefield,singlefieldmf@angelfire.com,Female
809,Rriocard Caplen,rcaplenmg@wsj.com,Male
810,Elset Shawcroft,eshawcroftmh@jigsy.com,Female
811,Roxy Friskey,rfriskeymi@163.com,Female
812,Nicolais Aireton,nairetonmj@cnn.com,Male
813,Kippie Demanche,kdemanchemk@trellian.com,Male
814,Thurstan Hasnney,thasnneyml@theguardian.com,Male
815,Poul Sowte,psowtemm@typepad.com,Male
816,Ethyl Fanshawe,efanshawemn@ibm.com,Female
817,Philipa Dellenbroker,pdellenbrokermo@howstuffworks.com,Female
818,Caddric Mahomet,cmahometmp@intel.com,Male
819,Moses Brunner,mbrunnermq@technorati.com,Male
820,Jenn Biggadyke,jbiggadykemr@deliciousdays.com,Female
821,Price Rosson,prossonms@g.co,Bigender
822,Russell Horsley,rhorsleymt@vimeo.com,Male
823,Earvin Stolberg,estolbergmu@cbsnews.com,Male
824,Godart Dunwoody,gdunwoodymv@netlog.com,Male
825,Zonnya Deniseau,zdeniseaumw@thetimes.co.uk,Female
826,Lucila Shutler,lshutlermx@icio.us,Genderqueer
827,Natasha Pyburn,npyburnmy@ifeng.com,Female
828,Katheryn Pattesall,kpattesallmz@merriam-webster.com,Female
829,Pietrek Tarpey,ptarpeyn0@prweb.com,Male
830,Doloritas Heball,dheballn1@npr.org,Female
831,Thomasine Speachley,tspeachleyn2@census.gov,Non-binary
832,Leonelle Paladino,lpaladinon3@prweb.com,Female
833,Dar Foss,dfossn4@epa.gov,Male
834,Germana Dumphrey,gdumphreyn5@rediff.com,Female
835,Cinnamon Perago,cperagon6@google.cn,Female
836,Kennie Thrussell,kthrusselln7@tamu.edu,Male
837,Cynthie Senyard,csenyardn8@scientificamerican.com,Female
838,Bonita Furmagier,bfurmagiern9@ask.com,Female
839,Michal Naismith,mnaismithna@hatena.ne.jp,Male
840,Rollie Harrowsmith,rharrowsmithnb@elpais.com,Polygender
841,Lenee Cuxson,lcuxsonnc@telegraph.co.uk,Genderqueer
842,Nora Ventris,nventrisnd@spotify.com,Female
843,Wenona Parnaby,wparnabyne@gnu.org,Female
844,Mikel Bras,mbrasnf@phoca.cz,Male
845,Alta Seldner,aseldnerng@businessweek.com,Female
846,Laurens Collet,lcolletnh@comcast.net,Polygender
847,Mervin Levene,mleveneni@illinois.edu,Male
848,Garik Pearmine,gpearminenj@patch.com,Bigender
849,Hans Harnor,hharnornk@networksolutions.com,Male
850,Ryon Massard,rmassardnl@4shared.com,Male
851,Dallas De Cleyne,ddenm@google.es,Genderfluid
852,Temp Lewton,tlewtonnn@weebly.com,Male
853,Ardis Bannell,abannellno@state.gov,Female
854,Huberto Kerby,hkerbynp@mediafire.com,Genderqueer
855,Maitilde Mearing,mmearingnq@jigsy.com,Female
856,Demetria Oakhill,doakhillnr@moonfruit.com,Female
857,Lorain Rawsthorn,lrawsthornns@google.it,Agender
858,Helga Romanini,hromaninint@google.com,Female
859,Winonah Curbishley,wcurbishleynu@ebay.co.uk,Female
860,Nefen Lenard,nlenardnv@apple.com,Male
861,Yvor Kinkaid,ykinkaidnw@facebook.com,Male
862,Adah Diglin,adiglinnx@tuttocitta.it,Female
863,Giff Showler,gshowlerny@edublogs.org,Male
864,Wood MacAlaster,wmacalasternz@facebook.com,Male
865,Arnaldo Sagrott,asagrotto0@huffingtonpost.com,Male
866,Cheslie Gingedale,cgingedaleo1@microsoft.com,Female
867,Jaquenetta O'Caine,jocaineo2@cornell.edu,Female
868,Vivienne Milton,vmiltono3@themeforest.net,Female
869,Luke Austing,laustingo4@last.fm,Male
870,Barbara-anne Culmer,bculmero5@pbs.org,Female
871,Malvina Taffrey,mtaffreyo6@ustream.tv,Female
872,Caryn Mullaney,cmullaneyo7@bloglines.com,Female
873,Carly Madgin,cmadgino8@twitpic.com,Genderqueer
874,Dorelle Rands,drandso9@meetup.com,Female
875,Orelia Matthesius,omatthesiusoa@blogspot.com,Female
876,Emory Deshorts,edeshortsob@gnu.org,Male
877,Floyd Banasevich,fbanasevichoc@cisco.com,Male
878,Wynny Ayce,wayceod@umich.edu,Female
879,Delly Abadam,dabadamoe@timesonline.co.uk,Female
880,Jose Swinney,jswinneyof@phpbb.com,Bigender
881,Julianna Czaple,jczapleog@github.com,Female
882,Conrade Meins,cmeinsoh@newsvine.com,Male
883,Byrom Wragg,bwraggoi@wp.com,Male
884,Jeanelle Sancho,jsanchooj@ezinearticles.com,Female
885,Delphinia Dougharty,ddoughartyok@github.io,Female
886,Barnett Eleshenar,beleshenarol@barnesandnoble.com,Male
887,Lennie Manston,lmanstonom@dailymail.co.uk,Male
888,Joyan Martinot,jmartinoton@shutterfly.com,Genderfluid
889,Karmen McConnel,kmcconneloo@auda.org.au,Female
890,Melodie Jeppe,mjeppeop@nps.gov,Female
891,Rebecca Cominoli,rcominolioq@squidoo.com,Female
892,Kalli Losselyong,klosselyongor@vimeo.com,Female
893,Adelle Crowch,acrowchos@flavors.me,Female
894,Darrick Maypother,dmaypotherot@time.com,Male
895,Tybi Poultney,tpoultneyou@umich.edu,Female
896,Aleksandr Wardall,awardallov@goo.ne.jp,Agender
897,Nedi Guislin,nguislinow@phoca.cz,Bigender
898,Clarance Plenderleith,cplenderleithox@purevolume.com,Male
899,Kristofor Plinck,kplinckoy@oracle.com,Male
900,Xenos Gohn,xgohnoz@feedburner.com,Male
901,Oralie Sopper,osopperp0@devhub.com,Female
902,Sabina Shoosmith,sshoosmithp1@printfriendly.com,Female
903,West Bigrigg,wbigriggp2@godaddy.com,Agender
904,Nathan Wimbury,nwimburyp3@moonfruit.com,Male
905,Aryn Alexsandrov,aalexsandrovp4@flavors.me,Female
906,Estele Cresar,ecresarp5@google.com.hk,Female
907,Jeremy Thripp,jthrippp6@diigo.com,Non-binary
908,Robinett Lushey,rlusheyp7@noaa.gov,Female
909,Renee Maberley,rmaberleyp8@craigslist.org,Female
910,Reagen Fishpond,rfishpondp9@upenn.edu,Male
911,Melania Bettison,mbettisonpa@omniture.com,Non-binary
912,Ebeneser Brassill,ebrassillpb@blinklist.com,Male
913,Artemis Baggiani,abaggianipc@seesaa.net,Male
914,Juliann Crisford,jcrisfordpd@mysql.com,Female
915,Caroljean Probart,cprobartpe@dropbox.com,Female
916,Lexi Leonards,lleonardspf@oracle.com,Female
917,Cornelia Maddison,cmaddisonpg@usnews.com,Female
918,Wendall Pover,wpoverph@123-reg.co.uk,Male
919,Lovell Arro,larropi@slate.com,Male
920,Gerhardine Thurby,gthurbypj@github.com,Female
921,Karola Leathe,kleathepk@smugmug.com,Female
922,Rena Risley,rrisleypl@rakuten.co.jp,Female
923,Meir Janku,mjankupm@example.com,Male
924,Shae Duckerin,sduckerinpn@clickbank.net,Male
925,Mona Lawlor,mlawlorpo@list-manage.com,Agender
926,Hi Reddle,hreddlepp@twitter.com,Male
927,Fredericka Kulas,fkulaspq@cdc.gov,Female
928,Astrix Birtley,abirtleypr@free.fr,Female
929,Misha Brixham,mbrixhamps@ovh.net,Female
930,Andria Taudevin,ataudevinpt@newsvine.com,Female
931,Giusto Kimmons,gkimmonspu@last.fm,Male
932,Kirstin Renvoise,krenvoisepv@ftc.gov,Female
933,Adolph Skokoe,askokoepw@foxnews.com,Genderfluid
934,Constantine Riseam,criseampx@cbsnews.com,Female
935,Fredrick Officer,fofficerpy@globo.com,Male
936,Flint Micheu,fmicheupz@sbwire.com,Male
937,Nial Clawe,nclaweq0@woothemes.com,Male
938,Neely Findlay,nfindlayq1@cafepress.com,Female
939,Estrellita Bandey,ebandeyq2@e-recht24.de,Female
940,Odella Groarty,ogroartyq3@shop-pro.jp,Female
941,Karoly Dunford,kdunfordq4@ustream.tv,Female
942,Morrie Catcheside,mcatchesideq5@ebay.co.uk,Male
943,Gaelan Sappell,gsappellq6@cornell.edu,Male
944,Shermy Cestard,scestardq7@bandcamp.com,Male
945,Ivory Jelk,ijelkq8@psu.edu,Female
946,Shellie Keen,skeenq9@spiegel.de,Female
947,Dav Lumb,dlumbqa@bbc.co.uk,Male
948,Tara Walby,twalbyqb@nbcnews.com,Genderfluid
949,Townsend Denisovo,tdenisovoqc@tinyurl.com,Male
950,Jessy Aubrey,jaubreyqd@newsvine.com,Female
951,Sarge Havis,shavisqe@admin.ch,Male
952,Connie O'Rafferty,coraffertyqf@linkedin.com,Male
953,Mendie Cockerill,mcockerillqg@walmart.com,Genderqueer
954,Earlie Dubois,eduboisqh@google.com.hk,Male
955,Hercule Husthwaite,hhusthwaiteqi@addthis.com,Male
956,Devland Reddy,dreddyqj@naver.com,Male
957,Winfred Smitton,wsmittonqk@indiegogo.com,Polygender
958,Ninette Izhak,nizhakql@pbs.org,Female
959,Silvan Kristiansen,skristiansenqm@state.gov,Male
960,Jeannette Brafield,jbrafieldqn@foxnews.com,Female
961,Finn Ridsdell,fridsdellqo@ibm.com,Male
962,Garfield Konneke,gkonnekeqp@unesco.org,Male
963,Darin Partkya,dpartkyaqq@buzzfeed.com,Male
964,Brunhilde Spellessy,bspellessyqr@nih.gov,Bigender
965,Inna Tennewell,itennewellqs@wunderground.com,Female
966,Brady Moxon,bmoxonqt@usda.gov,Male
967,Millie Domelaw,mdomelawqu@ihg.com,Female
968,Margret MacNeil,mmacneilqv@desdev.cn,Agender
969,Denys Misk,dmiskqw@elegantthemes.com,Female
970,Phil Brodeau,pbrodeauqx@hostgator.com,Non-binary
971,Barbra Albion,balbionqy@ycombinator.com,Female
972,Eugenius Symcoxe,esymcoxeqz@yolasite.com,Male
973,Sharleen Etock,setockr0@harvard.edu,Female
974,Tabbitha Brechin,tbrechinr1@yolasite.com,Non-binary
975,Jocelyn Monte,jmonter2@ehow.com,Agender
976,Delmor Wenden,dwendenr3@mtv.com,Male
977,Brodie Macy,bmacyr4@dailymail.co.uk,Male
978,Rhianon Dwyr,rdwyrr5@foxnews.com,Female
979,Sandy Muslim,smuslimr6@sciencedaily.com,Female
980,Earl Smeath,esmeathr7@t-online.de,Male
981,Sal Broadbent,sbroadbentr8@scientificamerican.com,Genderfluid
982,Nesta Kneebone,nkneeboner9@cmu.edu,Female
983,Balduin MacCurley,bmaccurleyra@si.edu,Non-binary
984,Gracie Dionisi,gdionisirb@cafepress.com,Female
985,D'arcy Gath,dgathrc@ning.com,Polygender
986,Jehu Ghiriardelli,jghiriardellird@liveinternet.ru,Male
987,Olympe Plett,oplettre@howstuffworks.com,Female
988,Ruby Tuckett,rtuckettrf@prnewswire.com,Male
989,Charla Drohane,cdrohanerg@netvibes.com,Female
990,Darwin Greyes,dgreyesrh@hud.gov,Male
991,Liesa McArthur,lmcarthurri@deviantart.com,Female
992,Irene Cleaver,icleaverrj@google.co.uk,Female
993,Rakel Alesio,ralesiork@prlog.org,Female
994,Cassius Dignon,cdignonrl@si.edu,Male
995,Georgeanna Kubista,gkubistarm@mapquest.com,Female
996,Jecho Swyer-Sexey,jswyersexeyrn@multiply.com,Male
997,Gabie Gaber,ggaberro@geocities.com,Male
998,Freddie Kall,fkallrp@wsj.com,Male
999,Doralynn Wivell,dwivellrq@netvibes.com,Female
1000,Sallyanne Jenman,sjenmanrr@weather.com,Female
